﻿{
  "environments": [
    {
      "environment": "AzureSphere",

      "AzureSphereTargetApiSet": "4",
      "AzureSphereTargetHardwareDefinitionDirectory": "${projectDir}\\..\\..\\Hardware\\mt3620_rdb",
      "AzureSphereTargetHardwareDefinition": "sample_hardware.json"
    }
  ],
  "configurations": [
    {
      "name": "ARM-Debug",
      "generator": "Ninja",
      "configurationType": "Debug",
      "inheritEnvironments": [
        "AzureSphere"
      ],
      "buildRoot": "${projectDir}\\out\\${name}-${env.AzureSphereTargetApiSet}",
      "installRoot": "${projectDir}\\install\\${name}-${env.AzureSphereTargetApiSet}",
      "cmakeCommandArgs": "--no-warn-unused-cli",
      "buildCommandArgs": "-v",
      "ctestCommandArgs": "",
      "variables": [
        {
          "name": "CMAKE_TOOLCHAIN_FILE",
          "value": "${env.AzureSphereDefaultSDKDir}CMakeFiles\\AzureSphereToolchain.cmake"
        },
        {
          "name": "AZURE_SPHERE_TARGET_API_SET",
          "value": "${env.AzureSphereTargetApiSet}"
        },
        {
          "name": "AZURE_SPHERE_TARGET_HARDWARE_DEFINITION_DIRECTORY",
          "value": "${env.AzureSphereTargetHardwareDefinitionDirectory}"
        },
        {
          "name": "AZURE_SPHERE_TARGET_HARDWARE_DEFINITION",
          "value": "${env.AzureSphereTargetHardwareDefinition}"
        }
      ]
    },
    {
      "name": "ARM-Release",
      "generator": "Ninja",
      "configurationType": "Release",
      "inheritEnvironments": [
        "AzureSphere"
      ],
      "buildRoot": "${projectDir}\\out\\${name}-${env.AzureSphereTargetApiSet}",
      "installRoot": "${projectDir}\\install\\${name}-${env.AzureSphereTargetApiSet}",
      "cmakeCommandArgs": "--no-warn-unused-cli",
      "buildCommandArgs": "-v",
      "ctestCommandArgs": "",
      "variables": [
        {
          "name": "CMAKE_TOOLCHAIN_FILE",
          "value": "${env.AzureSphereDefaultSDKDir}CMakeFiles\\AzureSphereToolchain.cmake"
        },
        {
          "name": "AZURE_SPHERE_TARGET_API_SET",
          "value": "${env.AzureSphereTargetApiSet}"
        },
        {
          "name": "AZURE_SPHERE_TARGET_HARDWARE_DEFINITION_DIRECTORY",
          "value": "${env.AzureSphereTargetHardwareDefinitionDirectory}"
        },
        {
          "name": "AZURE_SPHERE_TARGET_HARDWARE_DEFINITION",
          "value": "${env.AzureSphereTargetHardwareDefinition}"
        }
      ]
    }
  ]
}